<?xml version="1.0" encoding="UTF-8"?>
<beans xmlns="http://www.springframework.org/schema/beans"
	xmlns:xsi="http://www.w3.org/2001/XMLSchema-instance"
	xmlns:context="http://www.springframework.org/schema/context"
	xsi:schemaLocation="http://www.springframework.org/schema/beans https://www.springframework.org/schema/beans/spring-beans.xsd
		http://www.springframework.org/schema/context http://www.springframework.org/schema/context/spring-context-4.0.xsd">
	
	<context:property-placeholder
		location="classpath:config/mybatis/db.properties"/>
		
	<bean id="ds" class="org.apache.commons.dbcp.BasicDataSource">
		<property name="driverClassName" value="${driver}"></property>
		<property name="url" value="${url}"></property>
		<property name="username" value="${user}"></property>
		<property name="password" value="${password}"></property>
		<property name="maxActive" value="10"></property>
	</bean>
		
</beans>





