<?xml version="1.0" encoding="UTF-8" ?>
<!DOCTYPE mapper
PUBLIC "-//mybatis.org//DTD Mapper 3.0//EN"
"http://mybatis.org/dtd/mybatis-3-mapper.dtd">
<mapper namespace="login">
 
<insert id="insert_patient" parameterType="vo.PatientVO">
	insert into PATIENT values(
		pat_idx_seq.nextVal,
		#{ pat_name }, 
		#{ pat_id }, 
		#{ pat_pwd },
		#{ pat_email },
		#{ pat_address_post },
		#{ pat_address_road }, 
		#{ pat_address_detail },
		#{ pat_phone },
		#{ pat_phone2 },
		#{ pat_birthday }, 
		#{ pat_gender }
	)
</insert>	

<select id="select_patient_id" parameterType="String" resultType="vo.PatientVO">
	select * from patient where pat_id = #{ pat_id }
</select>

<select id="select_patient" parameterType="java.util.Map" resultType="vo.PatientVO">
	select * from patient where pat_id = #{ pat_id } and pat_pwd = #{ pat_pwd }
</select>

<select id="select_patient_idx" parameterType="String" resultType="int">
	select pat_idx from patient where pat_id = #{ pat_id }
</select>

<select id="select_patient_by_idx" parameterType="int" resultType="vo.PatientVO">
	select * from patient where pat_idx = #{ pat_idx }
</select>

<select id="select_patient_by_emailandName" parameterType="java.util.Map" resultType="vo.PatientVO">
	select * from patient 
	where pat_name = #{ pat_name } and pat_email = #{ pat_email } 	
</select>

<select id="select_patient_by_emailandId" parameterType="java.util.Map" resultType="vo.PatientVO">
	select * from patient 
	where pat_id = #{ pat_id } and pat_email = #{ pat_email } 	
</select>

<select id="patient_list" resultType="vo.PatientVO">
	SELECT * FROM patient
</select>

	
</mapper>