<?xml version="1.0" encoding="UTF-8"?>
<!DOCTYPE configuration PUBLIC "-//mybatis.org//DTD Config 3.0//EN" "HTTP://mybatis.org/dtd/mybatis-3-config.dtd">

<configuration>
	<settings>
		<setting name="cacheEnabled" value="false" />
		<setting name="useGeneratedKeys" value="true" />
		<setting name="defaultExecutorType" value="REUSE" />
	</settings>
	
	<typeAliases>
		<typeAlias type="vo.PatientVO" alias="pat"/>
		<typeAlias type="vo.DiagnosisVO" alias="dia"/>
		<typeAlias type="vo.DeviceVO" alias="dev" />
		<typeAlias type="vo.DepartmentVO" alias="dept"/>
		<typeAlias type="vo.ProfessorVO" alias="pro"/>
		<typeAlias type="vo.ScheduleVO" alias="sche"/>
	</typeAliases>
	
	<mappers>
		<mapper resource="config/mybatis/mapper/login.xml" />
		<mapper resource="config/mybatis/mapper/mypage.xml" />
		<mapper resource="config/mybatis/mapper/banner.xml" />
		<mapper resource="config/mybatis/mapper/diagnosis.xml" />
		<mapper resource="config/mybatis/mapper/medical_device.xml" />
		<mapper resource="config/mybatis/mapper/department.xml" />
		<mapper resource="config/mybatis/mapper/reservation.xml" />
		<mapper resource="config/mybatis/mapper/professor.xml" />
		<mapper resource="config/mybatis/mapper/schedule.xml" />
		<mapper resource="config/mybatis/mapper/patBoard.xml" />
		<mapper resource="config/mybatis/mapper/volunteer.xml" />
		<mapper resource="config/mybatis/mapper/volcomment.xml" />
		<mapper resource="config/mybatis/mapper/notice.xml" />
		<mapper resource="config/mybatis/mapper/calling.xml" />
	</mappers>
</configuration>



